{
  "continents": [
    { "name": "North America", "code": "NA" },
    { "name": "Europe", "code": "EU" },
    { "name": "Asia", "code": "AS" },
    { "name": "Oceania", "code": "OC" }
  ],

  "countries": [
    {
      "name": "United States",
      "code": "US",
      "phone_code": "+1",
      "continent_code": "NA",
      "states": [
        {
          "name": "California",
          "code": "CA",
          "cities": ["Los Angeles", "San Francisco", "San Diego"]
        },
        {
          "name": "New York",
          "code": "NY",
          "cities": ["New York City", "Buffalo"]
        },
        {
          "name": "Texas",
          "code": "TX",
          "cities": ["Houston", "Austin", "Dallas"]
        }
      ]
    },

    {
      "name": "Canada",
      "code": "CA",
      "phone_code": "+1",
      "continent_code": "NA",
      "states": [
        {
          "name": "Ontario",
          "code": "ON",
          "cities": ["Toronto", "Ottawa"]
        },
        {
          "name": "British Columbia",
          "code": "BC",
          "cities": ["Vancouver", "Victoria"]
        },
        {
          "name": "Quebec",
          "code": "QC",
          "cities": ["Montreal", "Quebec City"]
        }
      ]
    },

    {
      "name": "United Kingdom",
      "code": "GB",
      "phone_code": "+44",
      "continent_code": "EU",
      "states": [
        {
          "name": "England",
          "code": "ENG",
          "cities": ["London", "Manchester", "Birmingham"]
        },
        {
          "name": "Scotland",
          "code": "SCT",
          "cities": ["Edinburgh", "Glasgow"]
        }
      ]
    },

    {
      "name": "India",
      "code": "IN",
      "phone_code": "+91",
      "continent_code": "AS",
      "states": [
        {
          "name": "Maharashtra",
          "code": "MH",
          "cities": ["Mumbai", "Pune", "Nagpur"]
        },
        {
          "name": "Karnataka",
          "code": "KA",
          "cities": ["Bengaluru", "Mysuru"]
        },
        {
          "name": "Delhi",
          "code": "DL",
          "cities": ["New Delhi"]
        }
      ]
    },

    {
      "name": "Australia",
      "code": "AU",
      "phone_code": "+61",
      "continent_code": "OC",
      "states": [
        {
          "name": "New South Wales",
          "code": "NSW",
          "cities": ["Sydney", "Newcastle"]
        },
        {
          "name": "Victoria",
          "code": "VIC",
          "cities": ["Melbourne", "Geelong"]
        },
        {
          "name": "Queensland",
          "code": "QLD",
          "cities": ["Brisbane", "Gold Coast"]
        }
      ]
    }
  ]
}
