{
  "version": 2,
  "continents": [
    {
      "name": "Africa",
      "code": "AFR"
    },
    {
      "name": "Antarctica",
      "code": "ANT"
    },
    {
      "name": "Asia",
      "code": "ASI"
    },
    {
      "name": "Europe",
      "code": "EUR"
    },
    {
      "name": "North America",
      "code": "NAM"
    },
    {
      "name": "Oceania",
      "code": "OCE"
    },
    {
      "name": "South America",
      "code": "SAM"
    }
  ],
  "countries": [
    {
      "name": "Afghanistan",
      "code": "AF",
      "phone_code": "+93",
      "continent_code": "ASI"
    },
    {
      "name": "Albania",
      "code": "AL",
      "phone_code": "+355",
      "continent_code": "EUR"
    },
    {
      "name": "Algeria",
      "code": "DZ",
      "phone_code": "+213",
      "continent_code": "AFR"
    },
    {
      "name": "American Samoa",
      "code": "AS",
      "phone_code": "+1684",
      "continent_code": "OCE"
    },
    {
      "name": "Andorra",
      "code": "AD",
      "phone_code": "+376",
      "continent_code": "EUR"
    },
    {
      "name": "Angola",
      "code": "AO",
      "phone_code": "+244",
      "continent_code": "AFR"
    },
    {
      "name": "Anguilla",
      "code": "AI",
      "phone_code": "+1264",
      "continent_code": "NAM"
    },
    {
      "name": "Antarctica",
      "code": "AQ",
      "phone_code": null,
      "continent_code": "ANT"
    },
    {
      "name": "Antigua and Barbuda",
      "code": "AG",
      "phone_code": "+1268",
      "continent_code": "NAM"
    },
    {
      "name": "Argentina",
      "code": "AR",
      "phone_code": "+54",
      "continent_code": "SAM"
    },
    {
      "name": "Armenia",
      "code": "AM",
      "phone_code": "+374",
      "continent_code": "ASI"
    },
    {
      "name": "Aruba",
      "code": "AW",
      "phone_code": "+297",
      "continent_code": "NAM"
    },
    {
      "name": "Australia",
      "code": "AU",
      "phone_code": "+61",
      "continent_code": "OCE"
    },
    {
      "name": "Austria",
      "code": "AT",
      "phone_code": "+43",
      "continent_code": "EUR"
    },
    {
      "name": "Azerbaijan",
      "code": "AZ",
      "phone_code": "+994",
      "continent_code": "EUR"
    },
    {
      "name": "Bahamas",
      "code": "BS",
      "phone_code": "+1242",
      "continent_code": "NAM"
    },
    {
      "name": "Bahrain",
      "code": "BH",
      "phone_code": "+973",
      "continent_code": "ASI"
    },
    {
      "name": "Bangladesh",
      "code": "BD",
      "phone_code": "+880",
      "continent_code": "ASI"
    },
    {
      "name": "Barbados",
      "code": "BB",
      "phone_code": "+1246",
      "continent_code": "NAM"
    },
    {
      "name": "Belarus",
      "code": "BY",
      "phone_code": "+375",
      "continent_code": "EUR"
    },
    {
      "name": "Belgium",
      "code": "BE",
      "phone_code": "+32",
      "continent_code": "EUR"
    },
    {
      "name": "Belize",
      "code": "BZ",
      "phone_code": "+501",
      "continent_code": "NAM"
    },
    {
      "name": "Benin",
      "code": "BJ",
      "phone_code": "+229",
      "continent_code": "AFR"
    },
    {
      "name": "Bermuda",
      "code": "BM",
      "phone_code": "+1441",
      "continent_code": "NAM"
    },
    {
      "name": "Bhutan",
      "code": "BT",
      "phone_code": "+975",
      "continent_code": "ASI"
    },
    {
      "name": "Bolivia",
      "code": "BO",
      "phone_code": "+591",
      "continent_code": "SAM"
    },
    {
      "name": "Bosnia and Herzegovina",
      "code": "BA",
      "phone_code": "+387",
      "continent_code": "EUR"
    },
    {
      "name": "Botswana",
      "code": "BW",
      "phone_code": "+267",
      "continent_code": "AFR"
    },
    {
      "name": "Bouvet Island",
      "code": "BV",
      "phone_code": "+47",
      "continent_code": "ANT"
    },
    {
      "name": "Brazil",
      "code": "BR",
      "phone_code": "+55",
      "continent_code": "SAM"
    },
    {
      "name": "British Indian Ocean Territory",
      "code": "IO",
      "phone_code": "+246",
      "continent_code": "ASI"
    },
    {
      "name": "British Virgin Islands",
      "code": "VG",
      "phone_code": "+1284",
      "continent_code": "NAM"
    },
    {
      "name": "Brunei",
      "code": "BN",
      "phone_code": "+673",
      "continent_code": "ASI"
    },
    {
      "name": "Bulgaria",
      "code": "BG",
      "phone_code": "+359",
      "continent_code": "EUR"
    },
    {
      "name": "Burkina Faso",
      "code": "BF",
      "phone_code": "+226",
      "continent_code": "AFR"
    },
    {
      "name": "Burundi",
      "code": "BI",
      "phone_code": "+257",
      "continent_code": "AFR"
    },
    {
      "name": "Cambodia",
      "code": "KH",
      "phone_code": "+855",
      "continent_code": "ASI"
    },
    {
      "name": "Cameroon",
      "code": "CM",
      "phone_code": "+237",
      "continent_code": "AFR"
    },
    {
      "name": "Canada",
      "code": "CA",
      "phone_code": "+1",
      "continent_code": "NAM"
    },
    {
      "name": "Cape Verde",
      "code": "CV",
      "phone_code": "+238",
      "continent_code": "AFR"
    },
    {
      "name": "Caribbean Netherlands",
      "code": "BQ",
      "phone_code": "+599",
      "continent_code": "NAM"
    },
    {
      "name": "Cayman Islands",
      "code": "KY",
      "phone_code": "+1345",
      "continent_code": "NAM"
    },
    {
      "name": "Central African Republic",
      "code": "CF",
      "phone_code": "+236",
      "continent_code": "AFR"
    },
    {
      "name": "Chad",
      "code": "TD",
      "phone_code": "+235",
      "continent_code": "AFR"
    },
    {
      "name": "Chile",
      "code": "CL",
      "phone_code": "+56",
      "continent_code": "SAM"
    },
    {
      "name": "China",
      "code": "CN",
      "phone_code": "+86",
      "continent_code": "ASI"
    },
    {
      "name": "Christmas Island",
      "code": "CX",
      "phone_code": "+61",
      "continent_code": "ASI"
    },
    {
      "name": "Cocos (Keeling) Islands",
      "code": "CC",
      "phone_code": "+61",
      "continent_code": "ASI"
    },
    {
      "name": "Colombia",
      "code": "CO",
      "phone_code": "+57",
      "continent_code": "SAM"
    },
    {
      "name": "Comoros",
      "code": "KM",
      "phone_code": "+269",
      "continent_code": "AFR"
    },
    {
      "name": "Cook Islands",
      "code": "CK",
      "phone_code": "+682",
      "continent_code": "OCE"
    },
    {
      "name": "Costa Rica",
      "code": "CR",
      "phone_code": "+506",
      "continent_code": "NAM"
    },
    {
      "name": "Croatia",
      "code": "HR",
      "phone_code": "+385",
      "continent_code": "EUR"
    },
    {
      "name": "Cuba",
      "code": "CU",
      "phone_code": "+53",
      "continent_code": "NAM"
    },
    {
      "name": "Curaçao",
      "code": "CW",
      "phone_code": "+599",
      "continent_code": "NAM"
    },
    {
      "name": "Cyprus",
      "code": "CY",
      "phone_code": "+357",
      "continent_code": "EUR"
    },
    {
      "name": "Czechia",
      "code": "CZ",
      "phone_code": "+420",
      "continent_code": "EUR"
    },
    {
      "name": "Denmark",
      "code": "DK",
      "phone_code": "+45",
      "continent_code": "EUR"
    },
    {
      "name": "Djibouti",
      "code": "DJ",
      "phone_code": "+253",
      "continent_code": "AFR"
    },
    {
      "name": "Dominica",
      "code": "DM",
      "phone_code": "+1767",
      "continent_code": "NAM"
    },
    {
      "name": "Dominican Republic",
      "code": "DO",
      "phone_code": "+1809",
      "continent_code": "NAM"
    },
    {
      "name": "DR Congo",
      "code": "CD",
      "phone_code": "+243",
      "continent_code": "AFR"
    },
    {
      "name": "Ecuador",
      "code": "EC",
      "phone_code": "+593",
      "continent_code": "SAM"
    },
    {
      "name": "Egypt",
      "code": "EG",
      "phone_code": "+20",
      "continent_code": "AFR"
    },
    {
      "name": "El Salvador",
      "code": "SV",
      "phone_code": "+503",
      "continent_code": "NAM"
    },
    {
      "name": "Equatorial Guinea",
      "code": "GQ",
      "phone_code": "+240",
      "continent_code": "AFR"
    },
    {
      "name": "Eritrea",
      "code": "ER",
      "phone_code": "+291",
      "continent_code": "AFR"
    },
    {
      "name": "Estonia",
      "code": "EE",
      "phone_code": "+372",
      "continent_code": "EUR"
    },
    {
      "name": "Eswatini",
      "code": "SZ",
      "phone_code": "+268",
      "continent_code": "AFR"
    },
    {
      "name": "Ethiopia",
      "code": "ET",
      "phone_code": "+251",
      "continent_code": "AFR"
    },
    {
      "name": "Falkland Islands",
      "code": "FK",
      "phone_code": "+500",
      "continent_code": "SAM"
    },
    {
      "name": "Faroe Islands",
      "code": "FO",
      "phone_code": "+298",
      "continent_code": "EUR"
    },
    {
      "name": "Fiji",
      "code": "FJ",
      "phone_code": "+679",
      "continent_code": "OCE"
    },
    {
      "name": "Finland",
      "code": "FI",
      "phone_code": "+358",
      "continent_code": "EUR"
    },
    {
      "name": "France",
      "code": "FR",
      "phone_code": "+33",
      "continent_code": "EUR"
    },
    {
      "name": "French Guiana",
      "code": "GF",
      "phone_code": "+594",
      "continent_code": "SAM"
    },
    {
      "name": "French Polynesia",
      "code": "PF",
      "phone_code": "+689",
      "continent_code": "OCE"
    },
    {
      "name": "French Southern and Antarctic Lands",
      "code": "TF",
      "phone_code": "+262",
      "continent_code": "ANT"
    },
    {
      "name": "Gabon",
      "code": "GA",
      "phone_code": "+241",
      "continent_code": "AFR"
    },
    {
      "name": "Gambia",
      "code": "GM",
      "phone_code": "+220",
      "continent_code": "AFR"
    },
    {
      "name": "Georgia",
      "code": "GE",
      "phone_code": "+995",
      "continent_code": "ASI"
    },
    {
      "name": "Germany",
      "code": "DE",
      "phone_code": "+49",
      "continent_code": "EUR"
    },
    {
      "name": "Ghana",
      "code": "GH",
      "phone_code": "+233",
      "continent_code": "AFR"
    },
    {
      "name": "Gibraltar",
      "code": "GI",
      "phone_code": "+350",
      "continent_code": "EUR"
    },
    {
      "name": "Greece",
      "code": "GR",
      "phone_code": "+30",
      "continent_code": "EUR"
    },
    {
      "name": "Greenland",
      "code": "GL",
      "phone_code": "+299",
      "continent_code": "NAM"
    },
    {
      "name": "Grenada",
      "code": "GD",
      "phone_code": "+1473",
      "continent_code": "NAM"
    },
    {
      "name": "Guadeloupe",
      "code": "GP",
      "phone_code": "+590",
      "continent_code": "NAM"
    },
    {
      "name": "Guam",
      "code": "GU",
      "phone_code": "+1671",
      "continent_code": "OCE"
    },
    {
      "name": "Guatemala",
      "code": "GT",
      "phone_code": "+502",
      "continent_code": "NAM"
    },
    {
      "name": "Guernsey",
      "code": "GG",
      "phone_code": "+44",
      "continent_code": "EUR"
    },
    {
      "name": "Guinea",
      "code": "GN",
      "phone_code": "+224",
      "continent_code": "AFR"
    },
    {
      "name": "Guinea-Bissau",
      "code": "GW",
      "phone_code": "+245",
      "continent_code": "AFR"
    },
    {
      "name": "Guyana",
      "code": "GY",
      "phone_code": "+592",
      "continent_code": "SAM"
    },
    {
      "name": "Haiti",
      "code": "HT",
      "phone_code": "+509",
      "continent_code": "NAM"
    },
    {
      "name": "Heard Island and McDonald Islands",
      "code": "HM",
      "phone_code": null,
      "continent_code": "ANT"
    },
    {
      "name": "Honduras",
      "code": "HN",
      "phone_code": "+504",
      "continent_code": "NAM"
    },
    {
      "name": "Hong Kong",
      "code": "HK",
      "phone_code": "+852",
      "continent_code": "ASI"
    },
    {
      "name": "Hungary",
      "code": "HU",
      "phone_code": "+36",
      "continent_code": "EUR"
    },
    {
      "name": "Iceland",
      "code": "IS",
      "phone_code": "+354",
      "continent_code": "EUR"
    },
    {
      "name": "India",
      "code": "IN",
      "phone_code": "+91",
      "continent_code": "ASI"
    },
    {
      "name": "Indonesia",
      "code": "ID",
      "phone_code": "+62",
      "continent_code": "ASI"
    },
    {
      "name": "Iran",
      "code": "IR",
      "phone_code": "+98",
      "continent_code": "ASI"
    },
    {
      "name": "Iraq",
      "code": "IQ",
      "phone_code": "+964",
      "continent_code": "ASI"
    },
    {
      "name": "Ireland",
      "code": "IE",
      "phone_code": "+353",
      "continent_code": "EUR"
    },
    {
      "name": "Isle of Man",
      "code": "IM",
      "phone_code": "+44",
      "continent_code": "EUR"
    },
    {
      "name": "Israel",
      "code": "IL",
      "phone_code": "+972",
      "continent_code": "ASI"
    },
    {
      "name": "Italy",
      "code": "IT",
      "phone_code": "+39",
      "continent_code": "EUR"
    },
    {
      "name": "Ivory Coast",
      "code": "CI",
      "phone_code": "+225",
      "continent_code": "AFR"
    },
    {
      "name": "Jamaica",
      "code": "JM",
      "phone_code": "+1876",
      "continent_code": "NAM"
    },
    {
      "name": "Japan",
      "code": "JP",
      "phone_code": "+81",
      "continent_code": "ASI"
    },
    {
      "name": "Jersey",
      "code": "JE",
      "phone_code": "+44",
      "continent_code": "EUR"
    },
    {
      "name": "Jordan",
      "code": "JO",
      "phone_code": "+962",
      "continent_code": "ASI"
    },
    {
      "name": "Kazakhstan",
      "code": "KZ",
      "phone_code": "+76",
      "continent_code": "ASI"
    },
    {
      "name": "Kenya",
      "code": "KE",
      "phone_code": "+254",
      "continent_code": "AFR"
    },
    {
      "name": "Kiribati",
      "code": "KI",
      "phone_code": "+686",
      "continent_code": "OCE"
    },
    {
      "name": "Kosovo",
      "code": "XK",
      "phone_code": "+383",
      "continent_code": "EUR"
    },
    {
      "name": "Kuwait",
      "code": "KW",
      "phone_code": "+965",
      "continent_code": "ASI"
    },
    {
      "name": "Kyrgyzstan",
      "code": "KG",
      "phone_code": "+996",
      "continent_code": "ASI"
    },
    {
      "name": "Laos",
      "code": "LA",
      "phone_code": "+856",
      "continent_code": "ASI"
    },
    {
      "name": "Latvia",
      "code": "LV",
      "phone_code": "+371",
      "continent_code": "EUR"
    },
    {
      "name": "Lebanon",
      "code": "LB",
      "phone_code": "+961",
      "continent_code": "ASI"
    },
    {
      "name": "Lesotho",
      "code": "LS",
      "phone_code": "+266",
      "continent_code": "AFR"
    },
    {
      "name": "Liberia",
      "code": "LR",
      "phone_code": "+231",
      "continent_code": "AFR"
    },
    {
      "name": "Libya",
      "code": "LY",
      "phone_code": "+218",
      "continent_code": "AFR"
    },
    {
      "name": "Liechtenstein",
      "code": "LI",
      "phone_code": "+423",
      "continent_code": "EUR"
    },
    {
      "name": "Lithuania",
      "code": "LT",
      "phone_code": "+370",
      "continent_code": "EUR"
    },
    {
      "name": "Luxembourg",
      "code": "LU",
      "phone_code": "+352",
      "continent_code": "EUR"
    },
    {
      "name": "Macau",
      "code": "MO",
      "phone_code": "+853",
      "continent_code": "ASI"
    },
    {
      "name": "Madagascar",
      "code": "MG",
      "phone_code": "+261",
      "continent_code": "AFR"
    },
    {
      "name": "Malawi",
      "code": "MW",
      "phone_code": "+265",
      "continent_code": "AFR"
    },
    {
      "name": "Malaysia",
      "code": "MY",
      "phone_code": "+60",
      "continent_code": "ASI"
    },
    {
      "name": "Maldives",
      "code": "MV",
      "phone_code": "+960",
      "continent_code": "ASI"
    },
    {
      "name": "Mali",
      "code": "ML",
      "phone_code": "+223",
      "continent_code": "AFR"
    },
    {
      "name": "Malta",
      "code": "MT",
      "phone_code": "+356",
      "continent_code": "EUR"
    },
    {
      "name": "Marshall Islands",
      "code": "MH",
      "phone_code": "+692",
      "continent_code": "OCE"
    },
    {
      "name": "Martinique",
      "code": "MQ",
      "phone_code": "+596",
      "continent_code": "NAM"
    },
    {
      "name": "Mauritania",
      "code": "MR",
      "phone_code": "+222",
      "continent_code": "AFR"
    },
    {
      "name": "Mauritius",
      "code": "MU",
      "phone_code": "+230",
      "continent_code": "AFR"
    },
    {
      "name": "Mayotte",
      "code": "YT",
      "phone_code": "+262",
      "continent_code": "AFR"
    },
    {
      "name": "Mexico",
      "code": "MX",
      "phone_code": "+52",
      "continent_code": "NAM"
    },
    {
      "name": "Micronesia",
      "code": "FM",
      "phone_code": "+691",
      "continent_code": "OCE"
    },
    {
      "name": "Moldova",
      "code": "MD",
      "phone_code": "+373",
      "continent_code": "EUR"
    },
    {
      "name": "Monaco",
      "code": "MC",
      "phone_code": "+377",
      "continent_code": "EUR"
    },
    {
      "name": "Mongolia",
      "code": "MN",
      "phone_code": "+976",
      "continent_code": "ASI"
    },
    {
      "name": "Montenegro",
      "code": "ME",
      "phone_code": "+382",
      "continent_code": "EUR"
    },
    {
      "name": "Montserrat",
      "code": "MS",
      "phone_code": "+1664",
      "continent_code": "NAM"
    },
    {
      "name": "Morocco",
      "code": "MA",
      "phone_code": "+212",
      "continent_code": "AFR"
    },
    {
      "name": "Mozambique",
      "code": "MZ",
      "phone_code": "+258",
      "continent_code": "AFR"
    },
    {
      "name": "Myanmar",
      "code": "MM",
      "phone_code": "+95",
      "continent_code": "ASI"
    },
    {
      "name": "Namibia",
      "code": "NA",
      "phone_code": "+264",
      "continent_code": "AFR"
    },
    {
      "name": "Nauru",
      "code": "NR",
      "phone_code": "+674",
      "continent_code": "OCE"
    },
    {
      "name": "Nepal",
      "code": "NP",
      "phone_code": "+977",
      "continent_code": "ASI"
    },
    {
      "name": "Netherlands",
      "code": "NL",
      "phone_code": "+31",
      "continent_code": "EUR"
    },
    {
      "name": "New Caledonia",
      "code": "NC",
      "phone_code": "+687",
      "continent_code": "OCE"
    },
    {
      "name": "New Zealand",
      "code": "NZ",
      "phone_code": "+64",
      "continent_code": "OCE"
    },
    {
      "name": "Nicaragua",
      "code": "NI",
      "phone_code": "+505",
      "continent_code": "NAM"
    },
    {
      "name": "Niger",
      "code": "NE",
      "phone_code": "+227",
      "continent_code": "AFR"
    },
    {
      "name": "Nigeria",
      "code": "NG",
      "phone_code": "+234",
      "continent_code": "AFR"
    },
    {
      "name": "Niue",
      "code": "NU",
      "phone_code": "+683",
      "continent_code": "OCE"
    },
    {
      "name": "Norfolk Island",
      "code": "NF",
      "phone_code": "+672",
      "continent_code": "OCE"
    },
    {
      "name": "North Korea",
      "code": "KP",
      "phone_code": "+850",
      "continent_code": "ASI"
    },
    {
      "name": "North Macedonia",
      "code": "MK",
      "phone_code": "+389",
      "continent_code": "EUR"
    },
    {
      "name": "Northern Mariana Islands",
      "code": "MP",
      "phone_code": "+1670",
      "continent_code": "OCE"
    },
    {
      "name": "Norway",
      "code": "NO",
      "phone_code": "+47",
      "continent_code": "EUR"
    },
    {
      "name": "Oman",
      "code": "OM",
      "phone_code": "+968",
      "continent_code": "ASI"
    },
    {
      "name": "Pakistan",
      "code": "PK",
      "phone_code": "+92",
      "continent_code": "ASI"
    },
    {
      "name": "Palau",
      "code": "PW",
      "phone_code": "+680",
      "continent_code": "OCE"
    },
    {
      "name": "Palestine",
      "code": "PS",
      "phone_code": "+970",
      "continent_code": "ASI"
    },
    {
      "name": "Panama",
      "code": "PA",
      "phone_code": "+507",
      "continent_code": "NAM"
    },
    {
      "name": "Papua New Guinea",
      "code": "PG",
      "phone_code": "+675",
      "continent_code": "OCE"
    },
    {
      "name": "Paraguay",
      "code": "PY",
      "phone_code": "+595",
      "continent_code": "SAM"
    },
    {
      "name": "Peru",
      "code": "PE",
      "phone_code": "+51",
      "continent_code": "SAM"
    },
    {
      "name": "Philippines",
      "code": "PH",
      "phone_code": "+63",
      "continent_code": "ASI"
    },
    {
      "name": "Pitcairn Islands",
      "code": "PN",
      "phone_code": "+64",
      "continent_code": "OCE"
    },
    {
      "name": "Poland",
      "code": "PL",
      "phone_code": "+48",
      "continent_code": "EUR"
    },
    {
      "name": "Portugal",
      "code": "PT",
      "phone_code": "+351",
      "continent_code": "EUR"
    },
    {
      "name": "Puerto Rico",
      "code": "PR",
      "phone_code": "+1787",
      "continent_code": "NAM"
    },
    {
      "name": "Qatar",
      "code": "QA",
      "phone_code": "+974",
      "continent_code": "ASI"
    },
    {
      "name": "Republic of the Congo",
      "code": "CG",
      "phone_code": "+242",
      "continent_code": "AFR"
    },
    {
      "name": "Romania",
      "code": "RO",
      "phone_code": "+40",
      "continent_code": "EUR"
    },
    {
      "name": "Russia",
      "code": "RU",
      "phone_code": "+73",
      "continent_code": "EUR"
    },
    {
      "name": "Rwanda",
      "code": "RW",
      "phone_code": "+250",
      "continent_code": "AFR"
    },
    {
      "name": "Réunion",
      "code": "RE",
      "phone_code": "+262",
      "continent_code": "AFR"
    },
    {
      "name": "Saint Barthélemy",
      "code": "BL",
      "phone_code": "+590",
      "continent_code": "NAM"
    },
    {
      "name": "Saint Helena, Ascension and Tristan da Cunha",
      "code": "SH",
      "phone_code": "+290",
      "continent_code": "AFR"
    },
    {
      "name": "Saint Kitts and Nevis",
      "code": "KN",
      "phone_code": "+1869",
      "continent_code": "NAM"
    },
    {
      "name": "Saint Lucia",
      "code": "LC",
      "phone_code": "+1758",
      "continent_code": "NAM"
    },
    {
      "name": "Saint Martin",
      "code": "MF",
      "phone_code": "+590",
      "continent_code": "NAM"
    },
    {
      "name": "Saint Pierre and Miquelon",
      "code": "PM",
      "phone_code": "+508",
      "continent_code": "NAM"
    },
    {
      "name": "Saint Vincent and the Grenadines",
      "code": "VC",
      "phone_code": "+1784",
      "continent_code": "NAM"
    },
    {
      "name": "Samoa",
      "code": "WS",
      "phone_code": "+685",
      "continent_code": "OCE"
    },
    {
      "name": "San Marino",
      "code": "SM",
      "phone_code": "+378",
      "continent_code": "EUR"
    },
    {
      "name": "Saudi Arabia",
      "code": "SA",
      "phone_code": "+966",
      "continent_code": "ASI"
    },
    {
      "name": "Senegal",
      "code": "SN",
      "phone_code": "+221",
      "continent_code": "AFR"
    },
    {
      "name": "Serbia",
      "code": "RS",
      "phone_code": "+381",
      "continent_code": "EUR"
    },
    {
      "name": "Seychelles",
      "code": "SC",
      "phone_code": "+248",
      "continent_code": "AFR"
    },
    {
      "name": "Sierra Leone",
      "code": "SL",
      "phone_code": "+232",
      "continent_code": "AFR"
    },
    {
      "name": "Singapore",
      "code": "SG",
      "phone_code": "+65",
      "continent_code": "ASI"
    },
    {
      "name": "Sint Maarten",
      "code": "SX",
      "phone_code": "+1721",
      "continent_code": "NAM"
    },
    {
      "name": "Slovakia",
      "code": "SK",
      "phone_code": "+421",
      "continent_code": "EUR"
    },
    {
      "name": "Slovenia",
      "code": "SI",
      "phone_code": "+386",
      "continent_code": "EUR"
    },
    {
      "name": "Solomon Islands",
      "code": "SB",
      "phone_code": "+677",
      "continent_code": "OCE"
    },
    {
      "name": "Somalia",
      "code": "SO",
      "phone_code": "+252",
      "continent_code": "AFR"
    },
    {
      "name": "South Africa",
      "code": "ZA",
      "phone_code": "+27",
      "continent_code": "AFR"
    },
    {
      "name": "South Georgia",
      "code": "GS",
      "phone_code": "+500",
      "continent_code": "ANT"
    },
    {
      "name": "South Korea",
      "code": "KR",
      "phone_code": "+82",
      "continent_code": "ASI"
    },
    {
      "name": "South Sudan",
      "code": "SS",
      "phone_code": "+211",
      "continent_code": "AFR"
    },
    {
      "name": "Spain",
      "code": "ES",
      "phone_code": "+34",
      "continent_code": "EUR"
    },
    {
      "name": "Sri Lanka",
      "code": "LK",
      "phone_code": "+94",
      "continent_code": "ASI"
    },
    {
      "name": "Sudan",
      "code": "SD",
      "phone_code": "+249",
      "continent_code": "AFR"
    },
    {
      "name": "Suriname",
      "code": "SR",
      "phone_code": "+597",
      "continent_code": "SAM"
    },
    {
      "name": "Svalbard and Jan Mayen",
      "code": "SJ",
      "phone_code": "+4779",
      "continent_code": "EUR"
    },
    {
      "name": "Sweden",
      "code": "SE",
      "phone_code": "+46",
      "continent_code": "EUR"
    },
    {
      "name": "Switzerland",
      "code": "CH",
      "phone_code": "+41",
      "continent_code": "EUR"
    },
    {
      "name": "Syria",
      "code": "SY",
      "phone_code": "+963",
      "continent_code": "ASI"
    },
    {
      "name": "São Tomé and Príncipe",
      "code": "ST",
      "phone_code": "+239",
      "continent_code": "AFR"
    },
    {
      "name": "Taiwan",
      "code": "TW",
      "phone_code": "+886",
      "continent_code": "ASI"
    },
    {
      "name": "Tajikistan",
      "code": "TJ",
      "phone_code": "+992",
      "continent_code": "ASI"
    },
    {
      "name": "Tanzania",
      "code": "TZ",
      "phone_code": "+255",
      "continent_code": "AFR"
    },
    {
      "name": "Thailand",
      "code": "TH",
      "phone_code": "+66",
      "continent_code": "ASI"
    },
    {
      "name": "Timor-Leste",
      "code": "TL",
      "phone_code": "+670",
      "continent_code": "OCE"
    },
    {
      "name": "Togo",
      "code": "TG",
      "phone_code": "+228",
      "continent_code": "AFR"
    },
    {
      "name": "Tokelau",
      "code": "TK",
      "phone_code": "+690",
      "continent_code": "OCE"
    },
    {
      "name": "Tonga",
      "code": "TO",
      "phone_code": "+676",
      "continent_code": "OCE"
    },
    {
      "name": "Trinidad and Tobago",
      "code": "TT",
      "phone_code": "+1868",
      "continent_code": "NAM"
    },
    {
      "name": "Tunisia",
      "code": "TN",
      "phone_code": "+216",
      "continent_code": "AFR"
    },
    {
      "name": "Turkey",
      "code": "TR",
      "phone_code": "+90",
      "continent_code": "EUR"
    },
    {
      "name": "Turkmenistan",
      "code": "TM",
      "phone_code": "+993",
      "continent_code": "ASI"
    },
    {
      "name": "Turks and Caicos Islands",
      "code": "TC",
      "phone_code": "+1649",
      "continent_code": "NAM"
    },
    {
      "name": "Tuvalu",
      "code": "TV",
      "phone_code": "+688",
      "continent_code": "OCE"
    },
    {
      "name": "Uganda",
      "code": "UG",
      "phone_code": "+256",
      "continent_code": "AFR"
    },
    {
      "name": "Ukraine",
      "code": "UA",
      "phone_code": "+380",
      "continent_code": "EUR"
    },
    {
      "name": "United Arab Emirates",
      "code": "AE",
      "phone_code": "+971",
      "continent_code": "ASI"
    },
    {
      "name": "United Kingdom",
      "code": "GB",
      "phone_code": "+44",
      "continent_code": "EUR"
    },
    {
      "name": "United States",
      "code": "US",
      "phone_code": "+1201",
      "continent_code": "NAM"
    },
    {
      "name": "United States Minor Outlying Islands",
      "code": "UM",
      "phone_code": "+268",
      "continent_code": "OCE"
    },
    {
      "name": "United States Virgin Islands",
      "code": "VI",
      "phone_code": "+1340",
      "continent_code": "NAM"
    },
    {
      "name": "Uruguay",
      "code": "UY",
      "phone_code": "+598",
      "continent_code": "SAM"
    },
    {
      "name": "Uzbekistan",
      "code": "UZ",
      "phone_code": "+998",
      "continent_code": "ASI"
    },
    {
      "name": "Vanuatu",
      "code": "VU",
      "phone_code": "+678",
      "continent_code": "OCE"
    },
    {
      "name": "Vatican City",
      "code": "VA",
      "phone_code": "+3906698",
      "continent_code": "EUR"
    },
    {
      "name": "Venezuela",
      "code": "VE",
      "phone_code": "+58",
      "continent_code": "SAM"
    },
    {
      "name": "Vietnam",
      "code": "VN",
      "phone_code": "+84",
      "continent_code": "ASI"
    },
    {
      "name": "Wallis and Futuna",
      "code": "WF",
      "phone_code": "+681",
      "continent_code": "OCE"
    },
    {
      "name": "Western Sahara",
      "code": "EH",
      "phone_code": "+2125288",
      "continent_code": "AFR"
    },
    {
      "name": "Yemen",
      "code": "YE",
      "phone_code": "+967",
      "continent_code": "ASI"
    },
    {
      "name": "Zambia",
      "code": "ZM",
      "phone_code": "+260",
      "continent_code": "AFR"
    },
    {
      "name": "Zimbabwe",
      "code": "ZW",
      "phone_code": "+263",
      "continent_code": "AFR"
    },
    {
      "name": "Åland Islands",
      "code": "AX",
      "phone_code": "+35818",
      "continent_code": "EUR"
    }
  ]
}
